{"cameraMode":{"drawMode":0,"name":"Shaded","section":"Shading Mode"},"sceneLighting":true,"audioPlay":false,"sceneViewState":{"m_AlwaysRefresh":false,"showFog":true,"showSkybox":true,"showFlares":true,"showImageEffects":true,"showParticleSystems":true,"showVisualEffectGraphs":true,"m_FxEnabled":true},"in2DMode":false,"pivot":{"x":0.1031109020113945,"y":0.9583123922348023,"z":0.851028323173523},"rotation":{"x":-0.19142140448093415,"y":0.7006500363349915,"z":-0.20436809957027436,"w":-0.6562638282775879},"size":2.4454662799835207,"orthographic":false}